{"cameraMode":{"drawMode":0,"name":"Shaded","section":"Shading Mode"},"sceneLighting":false,"audioPlay":false,"sceneViewState":{"showFog":true,"showMaterialUpdate":false,"showSkybox":false,"showFlares":true,"showImageEffects":true,"showParticleSystems":true},"in2DMode":false,"pivot":{"x":0.0,"y":0.48718011379241946,"z":0.01824481412768364},"rotation":{"x":0.1173260509967804,"y":0.10081178694963455,"z":-0.011972330510616303,"w":0.9878957867622376},"size":3.023691415786743,"orthographic":false}