{"cameraMode":{"drawMode":0,"name":"Shaded","section":"Shading Mode"},"sceneLighting":false,"audioPlay":false,"sceneViewState":{"showFog":true,"showMaterialUpdate":false,"showSkybox":false,"showFlares":true,"showImageEffects":true,"showParticleSystems":true},"in2DMode":false,"pivot":{"x":0.05825626477599144,"y":-0.20997539162635804,"z":0.5981262922286987},"rotation":{"x":-0.2542767822742462,"y":-0.06580238789319992,"z":0.017343156039714814,"w":-0.9647379517555237},"size":1.0051889419555665,"orthographic":false}