{"cameraMode":{"drawMode":0,"name":"Shaded","section":"Shading Mode"},"sceneLighting":false,"audioPlay":false,"sceneViewState":{"showFog":true,"showMaterialUpdate":false,"showSkybox":false,"showFlares":true,"showImageEffects":true,"showParticleSystems":true},"in2DMode":false,"pivot":{"x":0.6451560258865356,"y":0.14819522202014924,"z":0.5595287084579468},"rotation":{"x":0.1312667578458786,"y":0.37332776188850405,"z":-0.05345401540398598,"w":0.9168264269828796},"size":1.581115484237671,"orthographic":false}